prompt,output,flag,username,timestamp
hi tell me about the indian culter?,,,,2024-05-18 12:22:58.287496
hi tell me about the indian culter?,,,,2024-05-18 12:24:06.845825
hi tell me about the indian culter?,,,,2024-05-18 12:24:08.729365
hi tell me about the indian culter?,,,,2024-05-18 12:24:10.234048
hi tell me about the indian culter?,,,,2024-05-18 12:24:11.553483
hi tell me about the indian culter?,"'
India is a country with a rich and diverse cultural heritage. Indian culture is a blend of various traditions, customs, and beliefs that have evolved over thousands of years. Here are some aspects of Indian culture:

1. Food: Indian cuisine is known for its bold flavors, spices, and variety. You'll find a wide range of dishes, from vegetarian to non-vegetarian, and from spicy to mild. Some popular dishes include naan bread, tandoori chicken, biryani, curry, and dosa.
2. Music: Indian classical music has a long history and is known for its complex ragas (melodic patterns) and talas (rhythmic cycles). You'll find many different forms of music in India, including Hindustani classical music from the northern regions and Carnatic music from the southern regions.
3. Dance: Indian dance is a beautiful expression of art and culture. There are many traditional dances in India, such as Bharatanatyam from Tamil Nadu, Kathak from Uttar Pradesh, and Odisha's Odissi. These dances are often accompanied by live music and have intricate footwork and hand gestures.
4. Art: Indian art is known for its vibrant colors and intricate designs. You'll find a wide range of art forms in India, including painting, sculpture, and textiles. The Mughal era saw the rise of exquisite miniature paintings, while the Pataua style of painting from Gujarat is known for its intricate designs and use of gold leaf.
5. Festivals: India celebrates many festivals throughout the year, each with its own unique traditions and customs. Some popular festivals include Diwali (the festival of lights), Holi (the festival of colors), and Navratri (a nine-day festival dedicated to the goddess Durga).
6. Religion: India is a country with a rich spiritual heritage. Hinduism, Buddhism, Jainism, and Sikhism are some of the major religions practiced in India. Each religion has its own beliefs, practices, and rituals.
7. Architecture: Indian architecture is known for its grand and intricate structures. You'll find many different styles of architecture in India, including Hindu temples, mosques, churches, and palaces. The Taj Mahal, the Red Fort, and the Mysore Palace are some of the most famous examples of Indian architecture.
8. Textiles: India has a long tradition of textile production, with many different types of fabric being produced throughout the country. Silk, cotton, and wool are some of the most common materials used in Indian textiles. The intricate designs and patterns found on Indian fabrics are highly prized around the world.
9. Language: India has a diverse linguistic landscape, with many different languages spoken throughout the country. Some of the major languages include Hindi, Bengali, Tamil, Telugu, Marathi, and Punjabi.
10. Literature: Indian literature is rich in its diversity, with many different forms of writing, including poetry, drama, and fiction. Some famous Indian writers include Rabindranath Tagore, Raja Rao, and Salman Rushdie.

These are just a few examples of the many aspects of Indian culture. India is a country with a complex and fascinating history, and there is always more to learn and discover.",,,2024-05-18 12:28:11.839696
